Removed Feature: 0,
0.74325322603461
0.7093661097401884
0.6976407902802446
0.6968077582006506
0.7003599327287303
0.7006742844568788
0.7015387517092876
0.6906936170881598
0.7013501406723982
0.6975998491064271
Removed Feature: 1,
0.6968077582006506
0.6958961381890197
0.7077471983402229
0.6906307467425303
0.7019002561966585
0.6960375964666865
0.7014915989500653
0.7019002561966585
0.6942457916162396
0.6931673504031687
Removed Feature: 2,
0.7064426386684061
0.7156845794759757
0.714788677050752
0.711613724596451
0.7175706898448675
0.6925168571114221
0.716171824654606
0.7100734011285227
0.7069770366062588
0.7154084343220006
Removed Feature: 3,
0.7031733806956604
0.7012086823947313
0.7029690520723638
0.7068512959149994
0.7085487952470019
0.6994640303035065
0.7038178017383652
0.7070870597111106
0.7118337708061551
0.6996274814919603
Removed Feature: 4,
0.7132169184100089
0.703047640004401
0.7032048158684753
0.6997469468588403
0.7038178017383652
0.7083130314508904
0.6946701664492402
0.7052795372742562
0.7026389827578078
0.7061190487417676
Removed Feature: 5,
0.7028590289675118
0.7012243999811388
0.6974207440705406
0.7044936579538846
0.7038335193247726
0.7034877324238089
0.6997312292724329
0.701082941703472
0.7019788441286955
0.7039813897926787
Removed Feature: 6,
0.6967134526822062
0.7054838658975527
0.7095232856042627
0.6981751882180972
0.7047451393364036
0.7008943306665828
0.7012872703267686
0.6968391933734656
0.6996683589268031
0.6958237060090223
Removed Feature: 7,
0.7038649544975872
0.7073542586800371
0.7016802099869545
0.7038806720839946
0.7009572010122127
0.7045250931266994
0.7067727079829621
0.7037549313927354
0.7086902535246687
0.7019694754876535
Removed Feature: 8,
0.7050437734781446
0.700831460320953
0.7060968517674427
0.7043207645034029
0.7079358093771121
0.7091774987032993
0.6986781509831349
0.7027490058626596
0.7017273627461765
0.708445324656953
Removed Feature: 9,
0.7091146283576694
0.7007214372161011
0.7094132624994105
0.706332615563554
0.7054995834839602
0.7073071059208147
0.7038649544975872
0.7086745359382612
0.702544677239363
0.6998946888605965
Removed Feature: 10,
0.6861669522028198
0.6868585260047466
0.6921867877968658
0.6893419046571208
0.6868113732455245
0.7015544692956951
0.7020574320607328
0.6970278044103547
0.6912908853716423
0.6850096666195125
Removed Feature: 11,
0.7093346745673735
0.7051380789965894
0.7147572418779371
0.6999984282413594
0.7143014318721218
0.7138141866934913
0.7141442560080475
0.7156059915439386
0.7050437734781446
0.714213860203392
Removed Feature: 12,
0.7000770161733963
0.7012558351539537
0.7040535655344764
0.7005956965248415
0.7040064127752543
0.7068827310878143
0.7084859249013721
0.7048080096820332
0.7072128004023702
0.7014193426698733
Removed Feature: 13,
0.6935070650550903
0.6928783615987929
0.6954246105967968
0.7058453703849237
0.7009414834258052
0.6980022947676154
0.6969649340647252
0.694811624726907
0.7019002561966585
0.6959966048946101
Removed Feature: 14,
0.7029376168995488
0.6993540071986546
0.7052009493422189
0.7032205334548828
0.7113308080411171
0.7064583562548136
0.7055624538295898
0.7071342124703329
0.7066626848781102
0.6982914446487795
Removed Feature: 15,
0.7034877324238089
0.7082344435188531
0.7080143973091493
0.6988510444336169
0.7083287490372978
0.7043207645034029
0.7050123383053297
0.7015544692956951
0.6936170881599422
0.7063233837883719
Removed Feature: 16,
0.7031890982820678
0.7087216886974836
0.7030790751772159
0.6981909058045047
0.7105134935479309
0.7023717837888813
0.7056881945208494
0.7102148594061896
0.7044936579538846
0.6984014712123355
Removed Feature: 17,
0.7098690725052261
0.7053109724470711
0.6969963692375398
0.7044779403674771
0.7088474293887429
0.6985524102918755
0.7114879839051916
0.701114376876287
0.6998412523772848
0.7018751670046053
Removed Feature: 18,
0.7147415242915297
0.715118746365308
0.711912358738192
0.6983795168413939
0.705420995551923
0.7011300944626944
0.7089731700800026
0.7038649544975872
0.6968863461326879
0.7101114411908017
Removed Feature: 19,
0.7023875013752888
0.7046665514043663
0.7101677066469672
0.704839444854848
0.6986152806375053
0.6994483127170991
0.6986309982239128
0.7020888672335477
0.6994640303035065
0.7029282783986419
Removed Feature: 20,
0.6960375964666865
0.6952045643870929
0.6994325951306919
0.6929097967716079
0.6957861150841678
0.6980022947676154
0.7009414834258052
0.6974678968297628
0.6987724565015796
0.6967510727589945
